"STATION","NAME","DATE","TAVG","TMAX","TMIN"
"USW00012916","NEW ORLEANS AIRPORT, LA US","1948-01","7.7","13.1","2.4"
"USW00012916","NEW ORLEANS AIRPORT, LA US","1948-02","14.5","19.3","9.7"
"USW00012916","NEW ORLEANS AIRPORT, LA US","1948-03","18.1","22.1","14.1"
"USW00012916","NEW ORLEANS AIRPORT, LA US","1948-04","22.2","27.7","16.7"
"USW00012916","NEW ORLEANS AIRPORT, LA US","1948-05","24.8","30.4","19.2"
"USW00012916","NEW ORLEANS AIRPORT, LA US","1948-06","28.0","33.4","22.5"
"USW00012916","NEW ORLEANS AIRPORT, LA US","1948-07","28.3","33.6","23.1"
"USW00012916","NEW ORLEANS AIRPORT, LA US","1948-08","27.6","32.1","23.2"
"USW00012916","NEW ORLEANS AIRPORT, LA US","1948-09","24.3","28.5","20.2"
"USW00012916","NEW ORLEANS AIRPORT, LA US","1948-10","20.4","26.4","14.4"
"USW00012916","NEW ORLEANS AIRPORT, LA US","1948-11","17.1","22.1","12.0"
"USW00012916","NEW ORLEANS AIRPORT, LA US","1948-12","15.4","20.7","10.2"
"USW00012916","NEW ORLEANS AIRPORT, LA US","1949-01","15.4","20.3","10.5"
"USW00012916","NEW ORLEANS AIRPORT, LA US","1949-02","16.6","20.4","12.7"
"USW00012916","NEW ORLEANS AIRPORT, LA US","1949-03","16.5","21.7","11.4"
"USW00012916","NEW ORLEANS AIRPORT, LA US","1949-04","19.6","24.3","14.9"
"USW00012916","NEW ORLEANS AIRPORT, LA US","1949-05","24.7","30.6","18.8"
"USW00012916","NEW ORLEANS AIRPORT, LA US","1949-06","27.4","32.4","22.4"
"USW00012916","NEW ORLEANS AIRPORT, LA US","1949-07","27.9","32.1","23.6"
"USW00012916","NEW ORLEANS AIRPORT, LA US","1949-08","27.9","32.8","23.0"
"USW00012916","NEW ORLEANS AIRPORT, LA US","1949-09","25.9","30.1","21.8"
"USW00012916","NEW ORLEANS AIRPORT, LA US","1949-10","23.7","28.0","19.4"
"USW00012916","NEW ORLEANS AIRPORT, LA US","1949-11","15.0","21.9","8.1"
"USW00012916","NEW ORLEANS AIRPORT, LA US","1949-12","14.9","19.6","10.3"
"USW00012916","NEW ORLEANS AIRPORT, LA US","1950-01","19.5","23.5","15.4"
"USW00012916","NEW ORLEANS AIRPORT, LA US","1950-02","16.0","21.4","10.5"
"USW00012916","NEW ORLEANS AIRPORT, LA US","1950-03","15.1","20.6","9.6"
"USW00012916","NEW ORLEANS AIRPORT, LA US","1950-04","18.2","23.5","12.9"
"USW00012916","NEW ORLEANS AIRPORT, LA US","1950-05","24.6","29.7","19.5"
"USW00012916","NEW ORLEANS AIRPORT, LA US","1950-06","27.4","32.1","22.8"
"USW00012916","NEW ORLEANS AIRPORT, LA US","1950-07","27.0","31.4","22.6"
"USW00012916","NEW ORLEANS AIRPORT, LA US","1950-08","27.5","32.4","22.5"
"USW00012916","NEW ORLEANS AIRPORT, LA US","1950-09","26.2","30.8","21.6"
"USW00012916","NEW ORLEANS AIRPORT, LA US","1950-10","21.8","27.4","16.1"
"USW00012916","NEW ORLEANS AIRPORT, LA US","1950-11","13.9","20.5","7.4"
"USW00012916","NEW ORLEANS AIRPORT, LA US","1950-12","11.3","16.4","6.3"
"USW00012916","NEW ORLEANS AIRPORT, LA US","1951-01","13.1","19.2","7.0"
"USW00012916","NEW ORLEANS AIRPORT, LA US","1951-02","13.6","19.4","7.9"
"USW00012916","NEW ORLEANS AIRPORT, LA US","1951-03","17.0","22.2","11.7"
"USW00012916","NEW ORLEANS AIRPORT, LA US","1951-04","19.1","24.6","13.6"
"USW00012916","NEW ORLEANS AIRPORT, LA US","1951-05","23.7","29.4","18.0"
"USW00012916","NEW ORLEANS AIRPORT, LA US","1951-06","27.4","32.5","22.4"
"USW00012916","NEW ORLEANS AIRPORT, LA US","1951-07","28.4","33.2","23.6"
"USW00012916","NEW ORLEANS AIRPORT, LA US","1951-08","29.9","35.3","24.5"
"USW00012916","NEW ORLEANS AIRPORT, LA US","1951-09","26.6","31.1","22.2"
"USW00012916","NEW ORLEANS AIRPORT, LA US","1951-10","22.6","27.8","17.4"
"USW00012916","NEW ORLEANS AIRPORT, LA US","1951-11","13.8","19.6","8.0"
"USW00012916","NEW ORLEANS AIRPORT, LA US","1951-12","15.4","21.1","9.8"
"USW00012916","NEW ORLEANS AIRPORT, LA US","1952-01","16.8","21.8","11.9"
"USW00012916","NEW ORLEANS AIRPORT, LA US","1952-02","14.9","19.6","10.1"
"USW00012916","NEW ORLEANS AIRPORT, LA US","1952-03","15.7","21.3","10.1"
"USW00012916","NEW ORLEANS AIRPORT, LA US","1952-04","18.6","24.4","12.9"
"USW00012916","NEW ORLEANS AIRPORT, LA US","1952-05","23.9","29.6","18.2"
"USW00012916","NEW ORLEANS AIRPORT, LA US","1952-06","27.8","33.0","22.5"
"USW00012916","NEW ORLEANS AIRPORT, LA US","1952-07","27.5","32.2","22.9"
"USW00012916","NEW ORLEANS AIRPORT, LA US","1952-08","28.0","32.8","23.3"
"USW00012916","NEW ORLEANS AIRPORT, LA US","1952-09","25.4","29.8","20.9"
"USW00012916","NEW ORLEANS AIRPORT, LA US","1952-10","17.6","24.4","10.9"
"USW00012916","NEW ORLEANS AIRPORT, LA US","1952-11","14.5","20.3","8.8"
"USW00012916","NEW ORLEANS AIRPORT, LA US","1952-12","12.4","17.5","7.3"
"USW00012916","NEW ORLEANS AIRPORT, LA US","1953-01","13.8","19.6","7.9"
"USW00012916","NEW ORLEANS AIRPORT, LA US","1953-02","13.5","18.3","8.8"
"USW00012916","NEW ORLEANS AIRPORT, LA US","1953-03","19.5","24.5","14.5"
"USW00012916","NEW ORLEANS AIRPORT, LA US","1953-04","20.1","25.6","14.6"
"USW00012916","NEW ORLEANS AIRPORT, LA US","1953-05","25.5","30.2","20.7"
"USW00012916","NEW ORLEANS AIRPORT, LA US","1953-06","28.6","33.5","23.7"
"USW00012916","NEW ORLEANS AIRPORT, LA US","1953-07","27.9","32.3","23.5"
"USW00012916","NEW ORLEANS AIRPORT, LA US","1953-08","27.8","32.2","23.4"
"USW00012916","NEW ORLEANS AIRPORT, LA US","1953-09","26.2","31.6","20.8"
"USW00012916","NEW ORLEANS AIRPORT, LA US","1953-10","21.3","27.0","15.6"
"USW00012916","NEW ORLEANS AIRPORT, LA US","1953-11","15.4","20.6","10.1"
"USW00012916","NEW ORLEANS AIRPORT, LA US","1953-12","11.3","15.8","6.8"
"USW00012916","NEW ORLEANS AIRPORT, LA US","1954-01","13.0","18.4","7.6"
"USW00012916","NEW ORLEANS AIRPORT, LA US","1954-02","15.4","22.0","8.8"
"USW00012916","NEW ORLEANS AIRPORT, LA US","1954-03","15.7","20.8","10.5"
"USW00012916","NEW ORLEANS AIRPORT, LA US","1954-04","21.8","27.3","16.3"
"USW00012916","NEW ORLEANS AIRPORT, LA US","1954-05","21.7","26.8","16.7"
"USW00012916","NEW ORLEANS AIRPORT, LA US","1954-06","27.1","32.3","22.0"
"USW00012916","NEW ORLEANS AIRPORT, LA US","1954-07","28.0","32.6","23.3"
"USW00012916","NEW ORLEANS AIRPORT, LA US","1954-08","28.2","33.3","23.0"
"USW00012916","NEW ORLEANS AIRPORT, LA US","1954-09","27.1","32.1","22.1"
"USW00012916","NEW ORLEANS AIRPORT, LA US","1954-10","21.7","26.8","16.6"
"USW00012916","NEW ORLEANS AIRPORT, LA US","1954-11","14.8","20.4","9.2"
"USW00012916","NEW ORLEANS AIRPORT, LA US","1954-12","12.6","18.5","6.6"
"USW00012916","NEW ORLEANS AIRPORT, LA US","1955-01","11.8","16.9","6.6"
"USW00012916","NEW ORLEANS AIRPORT, LA US","1955-02","14.4","19.4","9.4"
"USW00012916","NEW ORLEANS AIRPORT, LA US","1955-03","18.5","24.3","12.8"
"USW00012916","NEW ORLEANS AIRPORT, LA US","1955-04","21.9","27.4","16.3"
"USW00012916","NEW ORLEANS AIRPORT, LA US","1955-05","25.7","31.2","20.2"
"USW00012916","NEW ORLEANS AIRPORT, LA US","1955-06","26.0","31.6","20.4"
"USW00012916","NEW ORLEANS AIRPORT, LA US","1955-07","27.3","31.8","22.9"
"USW00012916","NEW ORLEANS AIRPORT, LA US","1955-08","28.1","32.5","23.8"
"USW00012916","NEW ORLEANS AIRPORT, LA US","1955-09","27.0","31.1","23.0"
"USW00012916","NEW ORLEANS AIRPORT, LA US","1955-10","20.7","26.5","14.9"
"USW00012916","NEW ORLEANS AIRPORT, LA US","1955-11","15.6","20.4","10.8"
"USW00012916","NEW ORLEANS AIRPORT, LA US","1955-12","13.0","17.7","8.3"
"USW00012916","NEW ORLEANS AIRPORT, LA US","1956-01","10.9","16.1","5.7"
"USW00012916","NEW ORLEANS AIRPORT, LA US","1956-02","16.2","20.8","11.5"
"USW00012916","NEW ORLEANS AIRPORT, LA US","1956-03","16.9","22.6","11.3"
"USW00012916","NEW ORLEANS AIRPORT, LA US","1956-04","19.8","24.7","15.0"
"USW00012916","NEW ORLEANS AIRPORT, LA US","1956-05","25.1","30.1","20.1"
"USW00012916","NEW ORLEANS AIRPORT, LA US","1956-06","25.9","30.9","20.9"
"USW00012916","NEW ORLEANS AIRPORT, LA US","1956-07","27.7","32.7","22.8"
"USW00012916","NEW ORLEANS AIRPORT, LA US","1956-08","27.5","32.5","22.6"
"USW00012916","NEW ORLEANS AIRPORT, LA US","1956-09","25.4","30.3","20.6"
"USW00012916","NEW ORLEANS AIRPORT, LA US","1956-10","22.2","27.4","17.1"
"USW00012916","NEW ORLEANS AIRPORT, LA US","1956-11","15.7","21.4","9.9"
"USW00012916","NEW ORLEANS AIRPORT, LA US","1956-12","16.2","21.6","10.7"
"USW00012916","NEW ORLEANS AIRPORT, LA US","1957-01","15.5","20.3","10.8"
"USW00012916","NEW ORLEANS AIRPORT, LA US","1957-02","17.6","22.0","13.2"
"USW00012916","NEW ORLEANS AIRPORT, LA US","1957-03","16.3","21.1","11.5"
"USW00012916","NEW ORLEANS AIRPORT, LA US","1957-04","20.8","25.6","15.9"
"USW00012916","NEW ORLEANS AIRPORT, LA US","1957-05","24.9","29.3","20.6"
"USW00012916","NEW ORLEANS AIRPORT, LA US","1957-06","26.9","31.0","22.9"
"USW00012916","NEW ORLEANS AIRPORT, LA US","1957-07","28.9","33.5","24.4"
"USW00012916","NEW ORLEANS AIRPORT, LA US","1957-08","27.7","31.7","23.6"
"USW00012916","NEW ORLEANS AIRPORT, LA US","1957-09","24.8","28.1","21.5"
"USW00012916","NEW ORLEANS AIRPORT, LA US","1957-10","19.3","23.8","14.9"
"USW00012916","NEW ORLEANS AIRPORT, LA US","1957-11","16.6","20.9","12.3"
"USW00012916","NEW ORLEANS AIRPORT, LA US","1957-12","12.9","18.5","7.3"
"USW00012916","NEW ORLEANS AIRPORT, LA US","1958-01","9.2","13.6","4.8"
"USW00012916","NEW ORLEANS AIRPORT, LA US","1958-02","9.1","13.6","4.6"
"USW00012916","NEW ORLEANS AIRPORT, LA US","1958-03","14.9","19.3","10.4"
"USW00012916","NEW ORLEANS AIRPORT, LA US","1958-04","20.7","25.7","15.8"
"USW00012916","NEW ORLEANS AIRPORT, LA US","1958-05","24.3","29.0","19.6"
"USW00012916","NEW ORLEANS AIRPORT, LA US","1958-06","27.4","31.9","23.0"
"USW00012916","NEW ORLEANS AIRPORT, LA US","1958-07","27.6","31.8","23.4"
"USW00012916","NEW ORLEANS AIRPORT, LA US","1958-08","27.7","32.0","23.3"
"USW00012916","NEW ORLEANS AIRPORT, LA US","1958-09","26.7","30.5","22.9"
"USW00012916","NEW ORLEANS AIRPORT, LA US","1958-10","20.9","24.9","17.0"
"USW00012916","NEW ORLEANS AIRPORT, LA US","1958-11","17.3","22.2","12.5"
"USW00012916","NEW ORLEANS AIRPORT, LA US","1958-12","11.5","16.1","6.8"
"USW00012916","NEW ORLEANS AIRPORT, LA US","1959-01","10.1","15.8","4.5"
"USW00012916","NEW ORLEANS AIRPORT, LA US","1959-02","14.0","18.2","9.8"
"USW00012916","NEW ORLEANS AIRPORT, LA US","1959-03","15.6","20.3","10.8"
"USW00012916","NEW ORLEANS AIRPORT, LA US","1959-04","20.0","24.5","15.5"
"USW00012916","NEW ORLEANS AIRPORT, LA US","1959-05","25.1","29.4","20.7"
"USW00012916","NEW ORLEANS AIRPORT, LA US","1959-06","27.4","31.3","23.5"
"USW00012916","NEW ORLEANS AIRPORT, LA US","1959-07","27.8","31.7","23.8"
"USW00012916","NEW ORLEANS AIRPORT, LA US","1959-08","28.1","32.1","24.2"
"USW00012916","NEW ORLEANS AIRPORT, LA US","1959-09","26.6","30.5","22.7"
"USW00012916","NEW ORLEANS AIRPORT, LA US","1959-10","22.8","26.5","19.2"
"USW00012916","NEW ORLEANS AIRPORT, LA US","1959-11","14.8","20.1","9.4"
"USW00012916","NEW ORLEANS AIRPORT, LA US","1959-12","13.1","17.9","8.4"
"USW00012916","NEW ORLEANS AIRPORT, LA US","1960-01","11.0","15.9","6.1"
"USW00012916","NEW ORLEANS AIRPORT, LA US","1960-02","9.8","15.6","3.9"
"USW00012916","NEW ORLEANS AIRPORT, LA US","1960-03","13.4","19.1","7.8"
"USW00012916","NEW ORLEANS AIRPORT, LA US","1960-04","19.7","25.9","13.5"
"USW00012916","NEW ORLEANS AIRPORT, LA US","1960-05","21.9","28.1","15.7"
"USW00012916","NEW ORLEANS AIRPORT, LA US","1960-06","26.7","32.8","20.6"
"USW00012916","NEW ORLEANS AIRPORT, LA US","1960-07","28.8","34.5","23.1"
"USW00012916","NEW ORLEANS AIRPORT, LA US","1960-08","27.4","31.7","23.0"
"USW00012916","NEW ORLEANS AIRPORT, LA US","1960-09","25.6","30.6","20.6"
"USW00012916","NEW ORLEANS AIRPORT, LA US","1960-10","21.4","27.2","15.5"
"USW00012916","NEW ORLEANS AIRPORT, LA US","1960-11","16.4","22.5","10.2"
"USW00012916","NEW ORLEANS AIRPORT, LA US","1960-12","11.1","16.4","5.9"
"USW00012916","NEW ORLEANS AIRPORT, LA US","1961-01","8.5","13.6","3.4"
"USW00012916","NEW ORLEANS AIRPORT, LA US","1961-02","14.5","20.3","8.6"
"USW00012916","NEW ORLEANS AIRPORT, LA US","1961-03","18.1","23.5","12.7"
"USW00012916","NEW ORLEANS AIRPORT, LA US","1961-04","18.2","24.5","11.8"
"USW00012916","NEW ORLEANS AIRPORT, LA US","1961-05","22.6","28.2","17.0"
"USW00012916","NEW ORLEANS AIRPORT, LA US","1961-06","25.1","29.9","20.4"
"USW00012916","NEW ORLEANS AIRPORT, LA US","1961-07","26.5","31.4","21.6"
"USW00012916","NEW ORLEANS AIRPORT, LA US","1961-08","26.5","31.2","21.8"
"USW00012916","NEW ORLEANS AIRPORT, LA US","1961-09","25.6","29.9","21.4"
"USW00012916","NEW ORLEANS AIRPORT, LA US","1961-10","20.0","26.0","14.0"
"USW00012916","NEW ORLEANS AIRPORT, LA US","1961-11","16.2","20.9","11.4"
"USW00012916","NEW ORLEANS AIRPORT, LA US","1961-12","13.5","19.0","8.0"
"USW00012916","NEW ORLEANS AIRPORT, LA US","1962-01","10.2","16.3","4.2"
"USW00012916","NEW ORLEANS AIRPORT, LA US","1962-02","17.7","23.1","12.4"
"USW00012916","NEW ORLEANS AIRPORT, LA US","1962-03","14.4","20.2","8.5"
"USW00012916","NEW ORLEANS AIRPORT, LA US","1962-04","18.7","24.7","12.8"
"USW00012916","NEW ORLEANS AIRPORT, LA US","1962-05","24.5","30.7","18.3"
"USW00012916","NEW ORLEANS AIRPORT, LA US","1962-06","26.3","31.2","21.3"
"USW00012916","NEW ORLEANS AIRPORT, LA US","1962-07","28.7","33.8","23.6"
"USW00012916","NEW ORLEANS AIRPORT, LA US","1962-08","27.9","33.0","22.8"
"USW00012916","NEW ORLEANS AIRPORT, LA US","1962-09","25.8","31.3","20.4"
"USW00012916","NEW ORLEANS AIRPORT, LA US","1962-10","22.0","27.9","16.1"
"USW00012916","NEW ORLEANS AIRPORT, LA US","1962-11","14.4","20.1","8.6"
"USW00012916","NEW ORLEANS AIRPORT, LA US","1962-12","10.6","15.8","5.3"
"USW00012916","NEW ORLEANS AIRPORT, LA US","1963-01","8.6","14.1","3.1"
"USW00012916","NEW ORLEANS AIRPORT, LA US","1963-02","9.0","15.3","2.7"
"USW00012916","NEW ORLEANS AIRPORT, LA US","1963-03","18.7","25.0","12.4"
"USW00012916","NEW ORLEANS AIRPORT, LA US","1963-04","22.6","28.0","17.2"
"USW00012916","NEW ORLEANS AIRPORT, LA US","1963-05","24.0","29.7","18.3"
"USW00012916","NEW ORLEANS AIRPORT, LA US","1963-06","26.4","31.6","21.1"
"USW00012916","NEW ORLEANS AIRPORT, LA US","1963-07","27.3","31.9","22.7"
"USW00012916","NEW ORLEANS AIRPORT, LA US","1963-08","27.5","32.5","22.5"
"USW00012916","NEW ORLEANS AIRPORT, LA US","1963-09","25.4","30.0","20.7"
"USW00012916","NEW ORLEANS AIRPORT, LA US","1963-10","21.1","28.2","14.0"
"USW00012916","NEW ORLEANS AIRPORT, LA US","1963-11","15.7","21.4","10.1"
"USW00012916","NEW ORLEANS AIRPORT, LA US","1963-12","7.9","13.3","2.4"
"USW00012916","NEW ORLEANS AIRPORT, LA US","1964-01","10.0","15.4","4.6"
"USW00012916","NEW ORLEANS AIRPORT, LA US","1964-02","9.9","15.2","4.6"
"USW00012916","NEW ORLEANS AIRPORT, LA US","1964-03","15.8","22.0","9.6"
"USW00012916","NEW ORLEANS AIRPORT, LA US","1964-04","21.4","26.4","16.4"
"USW00012916","NEW ORLEANS AIRPORT, LA US","1964-05","23.6","29.5","17.8"
"USW00012916","NEW ORLEANS AIRPORT, LA US","1964-06","26.1","31.4","20.7"
"USW00012916","NEW ORLEANS AIRPORT, LA US","1964-07","27.0","31.6","22.3"
"USW00012916","NEW ORLEANS AIRPORT, LA US","1964-08","27.6","32.4","22.8"
"USW00012916","NEW ORLEANS AIRPORT, LA US","1964-09","25.0","30.6","19.4"
"USW00012916","NEW ORLEANS AIRPORT, LA US","1964-10","18.2","24.4","12.1"
"USW00012916","NEW ORLEANS AIRPORT, LA US","1964-11","16.5","22.1","11.0"
"USW00012916","NEW ORLEANS AIRPORT, LA US","1964-12","13.5","18.6","8.5"
"USW00012916","NEW ORLEANS AIRPORT, LA US","1965-01","12.7","18.4","6.9"
"USW00012916","NEW ORLEANS AIRPORT, LA US","1965-02","12.4","17.5","7.3"
"USW00012916","NEW ORLEANS AIRPORT, LA US","1965-03","15.0","19.8","10.1"
"USW00012916","NEW ORLEANS AIRPORT, LA US","1965-04","21.6","26.8","16.4"
"USW00012916","NEW ORLEANS AIRPORT, LA US","1965-05","24.1","29.4","18.9"
"USW00012916","NEW ORLEANS AIRPORT, LA US","1965-06","25.8","31.4","20.1"
"USW00012916","NEW ORLEANS AIRPORT, LA US","1965-07","27.2","32.0","22.4"
"USW00012916","NEW ORLEANS AIRPORT, LA US","1965-08","25.4","30.1","20.6"
"USW00012916","NEW ORLEANS AIRPORT, LA US","1965-09","24.6","28.8","20.4"
"USW00012916","NEW ORLEANS AIRPORT, LA US","1965-10","19.3","25.4","13.1"
"USW00012916","NEW ORLEANS AIRPORT, LA US","1965-11","18.1","23.8","12.4"
"USW00012916","NEW ORLEANS AIRPORT, LA US","1965-12","12.2","17.8","6.7"
"USW00012916","NEW ORLEANS AIRPORT, LA US","1966-01","8.3","12.7","3.9"
"USW00012916","NEW ORLEANS AIRPORT, LA US","1966-02","11.1","16.4","5.8"
"USW00012916","NEW ORLEANS AIRPORT, LA US","1966-03","15.0","20.2","9.7"
"USW00012916","NEW ORLEANS AIRPORT, LA US","1966-04","20.4","25.3","15.5"
"USW00012916","NEW ORLEANS AIRPORT, LA US","1966-05","23.9","27.9","19.9"
"USW00012916","NEW ORLEANS AIRPORT, LA US","1966-06","25.1","30.7","19.5"
"USW00012916","NEW ORLEANS AIRPORT, LA US","1966-07","27.9","33.3","22.5"
"USW00012916","NEW ORLEANS AIRPORT, LA US","1966-08","26.9","31.9","21.9"
"USW00012916","NEW ORLEANS AIRPORT, LA US","1966-09","25.0","30.1","19.8"
"USW00012916","NEW ORLEANS AIRPORT, LA US","1966-10","20.5","26.1","15.0"
"USW00012916","NEW ORLEANS AIRPORT, LA US","1966-11","16.4","22.7","10.2"
"USW00012916","NEW ORLEANS AIRPORT, LA US","1966-12","11.8","16.6","6.9"
"USW00012916","NEW ORLEANS AIRPORT, LA US","1967-01","11.4","16.1","6.7"
"USW00012916","NEW ORLEANS AIRPORT, LA US","1967-02","11.4","17.0","5.8"
"USW00012916","NEW ORLEANS AIRPORT, LA US","1967-03","17.3","24.1","10.6"
"USW00012916","NEW ORLEANS AIRPORT, LA US","1967-04","22.3","28.3","16.3"
"USW00012916","NEW ORLEANS AIRPORT, LA US","1967-05","23.2","28.8","17.7"
"USW00012916","NEW ORLEANS AIRPORT, LA US","1967-06","27.5","32.8","22.2"
"USW00012916","NEW ORLEANS AIRPORT, LA US","1967-07","27.0","32.0","21.9"
"USW00012916","NEW ORLEANS AIRPORT, LA US","1967-08","26.6","31.1","22.2"
"USW00012916","NEW ORLEANS AIRPORT, LA US","1967-09","24.0","29.0","18.9"
"USW00012916","NEW ORLEANS AIRPORT, LA US","1967-10","18.7","25.9","11.5"
"USW00012916","NEW ORLEANS AIRPORT, LA US","1967-11","15.7","22.4","8.9"
"USW00012916","NEW ORLEANS AIRPORT, LA US","1967-12","14.6","19.2","9.9"
"USW00012916","NEW ORLEANS AIRPORT, LA US","1968-01","10.9","16.5","5.3"
"USW00012916","NEW ORLEANS AIRPORT, LA US","1968-02","8.4","14.2","2.6"
"USW00012916","NEW ORLEANS AIRPORT, LA US","1968-03","13.2","19.4","7.1"
"USW00012916","NEW ORLEANS AIRPORT, LA US","1968-04","20.1","25.2","14.9"
"USW00012916","NEW ORLEANS AIRPORT, LA US","1968-05","23.4","29.1","17.6"
"USW00012916","NEW ORLEANS AIRPORT, LA US","1968-06","26.9","32.5","21.2"
"USW00012916","NEW ORLEANS AIRPORT, LA US","1968-07","28.0","32.9","23.0"
"USW00012916","NEW ORLEANS AIRPORT, LA US","1968-08","27.2","32.4","22.1"
"USW00012916","NEW ORLEANS AIRPORT, LA US","1968-09","24.1","29.6","18.6"
"USW00012916","NEW ORLEANS AIRPORT, LA US","1968-10","20.2","26.2","14.3"
"USW00012916","NEW ORLEANS AIRPORT, LA US","1968-11","13.0","19.3","6.8"
"USW00012916","NEW ORLEANS AIRPORT, LA US","1968-12","10.4","16.6","4.2"
"USW00012916","NEW ORLEANS AIRPORT, LA US","1969-01","12.4","17.6","7.1"
"USW00012916","NEW ORLEANS AIRPORT, LA US","1969-02","12.5","17.5","7.6"
"USW00012916","NEW ORLEANS AIRPORT, LA US","1969-03","12.1","17.6","6.6"
"USW00012916","NEW ORLEANS AIRPORT, LA US","1969-04","20.4","25.7","15.1"
"USW00012916","NEW ORLEANS AIRPORT, LA US","1969-05","22.9","28.8","17.1"
"USW00012916","NEW ORLEANS AIRPORT, LA US","1969-06","26.8","32.5","21.1"
"USW00012916","NEW ORLEANS AIRPORT, LA US","1969-07","27.8","32.6","23.1"
"USW00012916","NEW ORLEANS AIRPORT, LA US","1969-08","26.7","31.5","21.9"
"USW00012916","NEW ORLEANS AIRPORT, LA US","1969-09","24.8","30.3","19.4"
"USW00012916","NEW ORLEANS AIRPORT, LA US","1969-10","21.7","26.5","16.9"
"USW00012916","NEW ORLEANS AIRPORT, LA US","1969-11","14.7","21.4","7.9"
"USW00012916","NEW ORLEANS AIRPORT, LA US","1969-12","12.5","19.0","6.0"
"USW00012916","NEW ORLEANS AIRPORT, LA US","1970-01","8.5","13.6","3.3"
"USW00012916","NEW ORLEANS AIRPORT, LA US","1970-02","10.9","17.9","3.9"
"USW00012916","NEW ORLEANS AIRPORT, LA US","1970-03","15.6","20.3","10.8"
"USW00012916","NEW ORLEANS AIRPORT, LA US","1970-04","21.5","27.2","15.8"
"USW00012916","NEW ORLEANS AIRPORT, LA US","1970-05","23.5","28.8","18.1"
"USW00012916","NEW ORLEANS AIRPORT, LA US","1970-06","26.4","31.5","21.4"
"USW00012916","NEW ORLEANS AIRPORT, LA US","1970-07","27.5","32.5","22.6"
"USW00012916","NEW ORLEANS AIRPORT, LA US","1970-08","27.5","31.8","23.2"
"USW00012916","NEW ORLEANS AIRPORT, LA US","1970-09","26.7","31.3","22.1"
"USW00012916","NEW ORLEANS AIRPORT, LA US","1970-10","20.4","26.1","14.7"
"USW00012916","NEW ORLEANS AIRPORT, LA US","1970-11","13.0","20.1","5.8"
"USW00012916","NEW ORLEANS AIRPORT, LA US","1970-12","14.4","20.6","8.2"
"USW00012916","NEW ORLEANS AIRPORT, LA US","1971-01","12.9","18.7","7.0"
"USW00012916","NEW ORLEANS AIRPORT, LA US","1971-02","12.2","18.5","5.8"
"USW00012916","NEW ORLEANS AIRPORT, LA US","1971-03","15.1","21.6","8.6"
"USW00012916","NEW ORLEANS AIRPORT, LA US","1971-04","19.4","25.9","12.9"
"USW00012916","NEW ORLEANS AIRPORT, LA US","1971-05","22.7","28.9","16.5"
"USW00012916","NEW ORLEANS AIRPORT, LA US","1971-06","26.6","32.5","20.8"
"USW00012916","NEW ORLEANS AIRPORT, LA US","1971-07","27.4","32.1","22.8"
"USW00012916","NEW ORLEANS AIRPORT, LA US","1971-08","27.3","32.0","22.6"
"USW00012916","NEW ORLEANS AIRPORT, LA US","1971-09","26.0","30.1","22.0"
"USW00012916","NEW ORLEANS AIRPORT, LA US","1971-10","22.0","27.6","16.4"
"USW00012916","NEW ORLEANS AIRPORT, LA US","1971-11","15.1","21.3","8.9"
"USW00012916","NEW ORLEANS AIRPORT, LA US","1971-12","17.4","21.6","13.2"
"USW00012916","NEW ORLEANS AIRPORT, LA US","1972-01","14.8","20.4","9.2"
"USW00012916","NEW ORLEANS AIRPORT, LA US","1972-02","13.4","19.4","7.4"
"USW00012916","NEW ORLEANS AIRPORT, LA US","1972-03","16.6","23.1","10.2"
"USW00012916","NEW ORLEANS AIRPORT, LA US","1972-04","21.0","26.8","15.2"
"USW00012916","NEW ORLEANS AIRPORT, LA US","1972-05","23.3","28.9","17.6"
"USW00012916","NEW ORLEANS AIRPORT, LA US","1972-06","27.1","32.6","21.6"
"USW00012916","NEW ORLEANS AIRPORT, LA US","1972-07","26.3","31.7","21.0"
"USW00012916","NEW ORLEANS AIRPORT, LA US","1972-08","27.3","32.9","21.6"
"USW00012916","NEW ORLEANS AIRPORT, LA US","1972-09","26.4","32.2","20.7"
"USW00012916","NEW ORLEANS AIRPORT, LA US","1972-10","21.3","26.9","15.6"
"USW00012916","NEW ORLEANS AIRPORT, LA US","1972-11","13.7","18.1","9.3"
"USW00012916","NEW ORLEANS AIRPORT, LA US","1972-12","12.9","18.4","7.5"
"USW00012916","NEW ORLEANS AIRPORT, LA US","1973-01","10.2","15.5","4.8"
"USW00012916","NEW ORLEANS AIRPORT, LA US","1973-02","11.4","17.1","5.7"
"USW00012916","NEW ORLEANS AIRPORT, LA US","1973-03","18.6","23.3","13.9"
"USW00012916","NEW ORLEANS AIRPORT, LA US","1973-04","17.9","23.0","12.8"
"USW00012916","NEW ORLEANS AIRPORT, LA US","1973-05","22.5","27.8","17.2"
"USW00012916","NEW ORLEANS AIRPORT, LA US","1973-06","27.6","32.6","22.6"
"USW00012916","NEW ORLEANS AIRPORT, LA US","1973-07","29.1","33.6","24.6"
"USW00012916","NEW ORLEANS AIRPORT, LA US","1973-08","27.6","32.1","23.1"
"USW00012916","NEW ORLEANS AIRPORT, LA US","1973-09","26.5","30.4","22.6"
"USW00012916","NEW ORLEANS AIRPORT, LA US","1973-10","23.0","28.1","17.9"
"USW00012916","NEW ORLEANS AIRPORT, LA US","1973-11","19.2","24.8","13.7"
"USW00012916","NEW ORLEANS AIRPORT, LA US","1973-12","12.3","18.3","6.3"
"USW00012916","NEW ORLEANS AIRPORT, LA US","1974-01","17.4","21.5","13.2"
"USW00012916","NEW ORLEANS AIRPORT, LA US","1974-02","13.3","19.8","6.8"
"USW00012916","NEW ORLEANS AIRPORT, LA US","1974-03","19.6","24.9","14.3"
"USW00012916","NEW ORLEANS AIRPORT, LA US","1974-04","20.6","25.7","15.4"
"USW00012916","NEW ORLEANS AIRPORT, LA US","1974-05","24.4","28.9","19.7"
"USW00012916","NEW ORLEANS AIRPORT, LA US","1974-06","25.6","30.6","20.7"
"USW00012916","NEW ORLEANS AIRPORT, LA US","1974-07","26.8","32.1","21.5"
"USW00012916","NEW ORLEANS AIRPORT, LA US","1974-08","26.9","32.1","21.7"
"USW00012916","NEW ORLEANS AIRPORT, LA US","1974-09","25.0","29.2","20.8"
"USW00012916","NEW ORLEANS AIRPORT, LA US","1974-10","19.4","26.1","12.7"
"USW00012916","NEW ORLEANS AIRPORT, LA US","1974-11","15.4","21.2","9.6"
"USW00012916","NEW ORLEANS AIRPORT, LA US","1974-12","12.9","18.4","7.4"
"USW00012916","NEW ORLEANS AIRPORT, LA US","1975-01","14.0","19.6","8.4"
"USW00012916","NEW ORLEANS AIRPORT, LA US","1975-02","14.9","20.8","9.0"
"USW00012916","NEW ORLEANS AIRPORT, LA US","1975-03","16.3","21.8","10.9"
"USW00012916","NEW ORLEANS AIRPORT, LA US","1975-04","19.3","24.1","14.4"
"USW00012916","NEW ORLEANS AIRPORT, LA US","1975-05","23.9","29.1","18.8"
"USW00012916","NEW ORLEANS AIRPORT, LA US","1975-06","26.3","30.8","21.9"
"USW00012916","NEW ORLEANS AIRPORT, LA US","1975-07","26.8","31.1","22.5"
"USW00012916","NEW ORLEANS AIRPORT, LA US","1975-08","26.9","31.4","22.4"
"USW00012916","NEW ORLEANS AIRPORT, LA US","1975-09","23.9","28.6","19.2"
"USW00012916","NEW ORLEANS AIRPORT, LA US","1975-10","21.0","26.2","15.8"
"USW00012916","NEW ORLEANS AIRPORT, LA US","1975-11","16.2","21.3","11.1"
"USW00012916","NEW ORLEANS AIRPORT, LA US","1975-12","11.0","16.1","5.9"
"USW00012916","NEW ORLEANS AIRPORT, LA US","1976-01","10.3","16.5","4.1"
"USW00012916","NEW ORLEANS AIRPORT, LA US","1976-02","14.6","21.4","7.7"
"USW00012916","NEW ORLEANS AIRPORT, LA US","1976-03","18.2","23.2","13.3"
"USW00012916","NEW ORLEANS AIRPORT, LA US","1976-04","20.3","26.7","13.8"
"USW00012916","NEW ORLEANS AIRPORT, LA US","1976-05","22.4","27.5","17.4"
"USW00012916","NEW ORLEANS AIRPORT, LA US","1976-06","25.7","30.9","20.4"
"USW00012916","NEW ORLEANS AIRPORT, LA US","1976-07","27.4","32.2","22.5"
"USW00012916","NEW ORLEANS AIRPORT, LA US","1976-08","27.5","32.9","22.1"
"USW00012916","NEW ORLEANS AIRPORT, LA US","1976-09","25.4","30.6","20.2"
"USW00012916","NEW ORLEANS AIRPORT, LA US","1976-10","17.8","23.5","12.0"
"USW00012916","NEW ORLEANS AIRPORT, LA US","1976-11","11.5","17.2","5.8"
"USW00012916","NEW ORLEANS AIRPORT, LA US","1976-12","10.3","16.5","4.2"
"USW00012916","NEW ORLEANS AIRPORT, LA US","1977-01","6.3","11.4","1.3"
"USW00012916","NEW ORLEANS AIRPORT, LA US","1977-02","12.1","18.0","6.2"
"USW00012916","NEW ORLEANS AIRPORT, LA US","1977-03","18.3","23.4","13.3"
"USW00012916","NEW ORLEANS AIRPORT, LA US","1977-04","20.5","26.9","14.1"
"USW00012916","NEW ORLEANS AIRPORT, LA US","1977-05","24.4","30.2","18.5"
"USW00012916","NEW ORLEANS AIRPORT, LA US","1977-06","28.0","33.6","22.4"
"USW00012916","NEW ORLEANS AIRPORT, LA US","1977-07","28.8","34.1","23.5"
"USW00012916","NEW ORLEANS AIRPORT, LA US","1977-08","27.7","31.6","23.8"
"USW00012916","NEW ORLEANS AIRPORT, LA US","1977-09","26.8","31.0","22.6"
"USW00012916","NEW ORLEANS AIRPORT, LA US","1977-10","20.1","25.4","14.8"
"USW00012916","NEW ORLEANS AIRPORT, LA US","1977-11","17.1","21.9","12.4"
"USW00012916","NEW ORLEANS AIRPORT, LA US","1977-12","12.3","18.0","6.6"
"USW00012916","NEW ORLEANS AIRPORT, LA US","1978-01","6.7","10.2","3.2"
"USW00012916","NEW ORLEANS AIRPORT, LA US","1978-02","7.2","11.9","2.5"
"USW00012916","NEW ORLEANS AIRPORT, LA US","1978-03","15.5","20.9","10.0"
"USW00012916","NEW ORLEANS AIRPORT, LA US","1978-04","21.9","27.8","16.0"
"USW00012916","NEW ORLEANS AIRPORT, LA US","1978-05","24.9","30.3","19.6"
"USW00012916","NEW ORLEANS AIRPORT, LA US","1978-06","27.3","32.3","22.3"
"USW00012916","NEW ORLEANS AIRPORT, LA US","1978-07","28.1","32.6","23.6"
"USW00012916","NEW ORLEANS AIRPORT, LA US","1978-08","28.4","32.9","23.9"
"USW00012916","NEW ORLEANS AIRPORT, LA US","1978-09","27.3","31.4","23.1"
"USW00012916","NEW ORLEANS AIRPORT, LA US","1978-10","20.9","27.3","14.5"
"USW00012916","NEW ORLEANS AIRPORT, LA US","1978-11","19.5","25.0","14.0"
"USW00012916","NEW ORLEANS AIRPORT, LA US","1978-12","13.2","18.9","7.6"
"USW00012916","NEW ORLEANS AIRPORT, LA US","1979-01","7.7","12.3","3.1"
"USW00012916","NEW ORLEANS AIRPORT, LA US","1979-02","11.6","16.4","6.7"
"USW00012916","NEW ORLEANS AIRPORT, LA US","1979-03","17.0","22.6","11.4"
"USW00012916","NEW ORLEANS AIRPORT, LA US","1979-04","21.7","26.4","17.0"
"USW00012916","NEW ORLEANS AIRPORT, LA US","1979-05","23.6","28.9","18.4"
"USW00012916","NEW ORLEANS AIRPORT, LA US","1979-06","27.3","32.5","22.0"
"USW00012916","NEW ORLEANS AIRPORT, LA US","1979-07","28.6","32.9","24.4"
"USW00012916","NEW ORLEANS AIRPORT, LA US","1979-08","28.2","33.0","23.5"
"USW00012916","NEW ORLEANS AIRPORT, LA US","1979-09","26.2","30.1","22.4"
"USW00012916","NEW ORLEANS AIRPORT, LA US","1979-10","21.6","28.2","15.1"
"USW00012916","NEW ORLEANS AIRPORT, LA US","1979-11","14.4","20.3","8.6"
"USW00012916","NEW ORLEANS AIRPORT, LA US","1979-12","11.4","17.5","5.2"
"USW00012916","NEW ORLEANS AIRPORT, LA US","1980-01","13.4","18.6","8.3"
"USW00012916","NEW ORLEANS AIRPORT, LA US","1980-02","11.1","16.6","5.6"
"USW00012916","NEW ORLEANS AIRPORT, LA US","1980-03","16.7","21.6","11.7"
"USW00012916","NEW ORLEANS AIRPORT, LA US","1980-04","19.0","24.8","13.2"
"USW00012916","NEW ORLEANS AIRPORT, LA US","1980-05","25.5","30.4","20.7"
"USW00012916","NEW ORLEANS AIRPORT, LA US","1980-06","28.5","34.0","22.9"
"USW00012916","NEW ORLEANS AIRPORT, LA US","1980-07","29.9","34.9","24.8"
"USW00012916","NEW ORLEANS AIRPORT, LA US","1980-08","29.7","35.0","24.4"
"USW00012916","NEW ORLEANS AIRPORT, LA US","1980-09","28.6","33.4","23.8"
"USW00012916","NEW ORLEANS AIRPORT, LA US","1980-10","20.4","26.6","14.3"
"USW00012916","NEW ORLEANS AIRPORT, LA US","1980-11","15.5","21.0","10.1"
"USW00012916","NEW ORLEANS AIRPORT, LA US","1980-12","12.0","18.5","5.4"
"USW00012916","NEW ORLEANS AIRPORT, LA US","1981-01","9.2","15.1","3.2"
"USW00012916","NEW ORLEANS AIRPORT, LA US","1981-02","12.9","18.3","7.6"
"USW00012916","NEW ORLEANS AIRPORT, LA US","1981-03","16.6","22.4","10.8"
"USW00012916","NEW ORLEANS AIRPORT, LA US","1981-04","21.9","27.5","16.2"
"USW00012916","NEW ORLEANS AIRPORT, LA US","1981-05","23.8","28.9","18.6"
"USW00012916","NEW ORLEANS AIRPORT, LA US","1981-06","28.7","33.3","24.2"
"USW00012916","NEW ORLEANS AIRPORT, LA US","1981-07","29.4","34.4","24.4"
"USW00012916","NEW ORLEANS AIRPORT, LA US","1981-08","28.4","33.3","23.4"
"USW00012916","NEW ORLEANS AIRPORT, LA US","1981-09","25.5","31.0","20.0"
"USW00012916","NEW ORLEANS AIRPORT, LA US","1981-10","21.7","27.0","16.4"
"USW00012916","NEW ORLEANS AIRPORT, LA US","1981-11","18.3","24.4","12.1"
"USW00012916","NEW ORLEANS AIRPORT, LA US","1981-12","12.4","17.9","7.1"
"USW00012916","NEW ORLEANS AIRPORT, LA US","1982-01","12.5","18.6","6.4"
"USW00012916","NEW ORLEANS AIRPORT, LA US","1982-02","12.8","17.5","8.1"
"USW00012916","NEW ORLEANS AIRPORT, LA US","1982-03","18.8","24.0","13.6"
"USW00012916","NEW ORLEANS AIRPORT, LA US","1982-04","21.0","25.7","16.3"
"USW00012916","NEW ORLEANS AIRPORT, LA US","1982-05","24.7","30.6","18.9"
"USW00012916","NEW ORLEANS AIRPORT, LA US","1982-06","27.5","32.8","22.2"
"USW00012916","NEW ORLEANS AIRPORT, LA US","1982-07","27.4","32.4","22.5"
"USW00012916","NEW ORLEANS AIRPORT, LA US","1982-08","27.9","32.8","22.9"
"USW00012916","NEW ORLEANS AIRPORT, LA US","1982-09","24.9","29.7","20.1"
"USW00012916","NEW ORLEANS AIRPORT, LA US","1982-10","21.3","26.3","16.4"
"USW00012916","NEW ORLEANS AIRPORT, LA US","1982-11","16.9","21.7","12.1"
"USW00012916","NEW ORLEANS AIRPORT, LA US","1982-12","15.2","19.5","10.9"
"USW00012916","NEW ORLEANS AIRPORT, LA US","1983-01","10.1","15.2","5.0"
"USW00012916","NEW ORLEANS AIRPORT, LA US","1983-02","12.1","16.5","7.6"
"USW00012916","NEW ORLEANS AIRPORT, LA US","1983-03","14.6","20.2","8.9"
"USW00012916","NEW ORLEANS AIRPORT, LA US","1983-04","17.9","23.3","12.6"
"USW00012916","NEW ORLEANS AIRPORT, LA US","1983-05","23.3","28.2","18.4"
"USW00012916","NEW ORLEANS AIRPORT, LA US","1983-06","25.4","29.8","21.0"
"USW00012916","NEW ORLEANS AIRPORT, LA US","1983-07","27.5","32.4","22.6"
"USW00012916","NEW ORLEANS AIRPORT, LA US","1983-08","28.0","32.5","23.5"
"USW00012916","NEW ORLEANS AIRPORT, LA US","1983-09","24.0","28.8","19.2"
"USW00012916","NEW ORLEANS AIRPORT, LA US","1983-10","20.6","25.6","15.7"
"USW00012916","NEW ORLEANS AIRPORT, LA US","1983-11","15.6","21.1","10.0"
"USW00012916","NEW ORLEANS AIRPORT, LA US","1983-12","9.7","15.1","4.4"
"USW00012916","NEW ORLEANS AIRPORT, LA US","1984-01","8.1","13.0","3.2"
"USW00012916","NEW ORLEANS AIRPORT, LA US","1984-02","12.2","17.7","6.6"
"USW00012916","NEW ORLEANS AIRPORT, LA US","1984-03","15.2","21.1","9.3"
"USW00012916","NEW ORLEANS AIRPORT, LA US","1984-04","19.7","25.0","14.4"
"USW00012916","NEW ORLEANS AIRPORT, LA US","1984-05","23.2","28.1","18.3"
"USW00012916","NEW ORLEANS AIRPORT, LA US","1984-06","25.2","30.2","20.2"
"USW00012916","NEW ORLEANS AIRPORT, LA US","1984-07","26.0","30.9","21.1"
"USW00012916","NEW ORLEANS AIRPORT, LA US","1984-08","26.3","30.6","21.9"
"USW00012916","NEW ORLEANS AIRPORT, LA US","1984-09","24.6","29.0","20.2"
"USW00012916","NEW ORLEANS AIRPORT, LA US","1984-10","23.0","27.8","18.3"
"USW00012916","NEW ORLEANS AIRPORT, LA US","1984-11","14.9","20.3","9.4"
"USW00012916","NEW ORLEANS AIRPORT, LA US","1984-12","16.8","21.8","11.9"
"USW00012916","NEW ORLEANS AIRPORT, LA US","1985-01","7.3","13.2","1.5"
"USW00012916","NEW ORLEANS AIRPORT, LA US","1985-02","11.3","16.1","6.4"
"USW00012916","NEW ORLEANS AIRPORT, LA US","1985-03","18.5","23.4","13.6"
"USW00012916","NEW ORLEANS AIRPORT, LA US","1985-04","20.5","25.7","15.4"
"USW00012916","NEW ORLEANS AIRPORT, LA US","1985-05","23.7","29.0","18.5"
"USW00012916","NEW ORLEANS AIRPORT, LA US","1985-06","26.3","31.3","21.3"
"USW00012916","NEW ORLEANS AIRPORT, LA US","1985-07","26.8","31.3","22.3"
"USW00012916","NEW ORLEANS AIRPORT, LA US","1985-08","27.5","32.0","23.1"
"USW00012916","NEW ORLEANS AIRPORT, LA US","1985-09","25.0","29.3","20.7"
"USW00012916","NEW ORLEANS AIRPORT, LA US","1985-10","22.5","26.6","18.4"
"USW00012916","NEW ORLEANS AIRPORT, LA US","1985-11","19.6","24.1","15.1"
"USW00012916","NEW ORLEANS AIRPORT, LA US","1985-12","10.5","16.3","4.8"
"USW00012916","NEW ORLEANS AIRPORT, LA US","1986-01","10.6","16.5","4.8"
"USW00012916","NEW ORLEANS AIRPORT, LA US","1986-02","15.1","20.4","9.8"
"USW00012916","NEW ORLEANS AIRPORT, LA US","1986-03","15.9","22.6","9.1"
"USW00012916","NEW ORLEANS AIRPORT, LA US","1986-04","19.5","25.8","13.3"
"USW00012916","NEW ORLEANS AIRPORT, LA US","1986-05","24.8","29.7","19.9"
"USW00012916","NEW ORLEANS AIRPORT, LA US","1986-06","27.2","32.0","22.5"
"USW00012916","NEW ORLEANS AIRPORT, LA US","1986-07","28.4","33.6","23.3"
"USW00012916","NEW ORLEANS AIRPORT, LA US","1986-08","27.5","32.4","22.6"
"USW00012916","NEW ORLEANS AIRPORT, LA US","1986-09","27.2","32.2","22.3"
"USW00012916","NEW ORLEANS AIRPORT, LA US","1986-10","21.3","26.5","16.1"
"USW00012916","NEW ORLEANS AIRPORT, LA US","1986-11","19.0","22.8","15.2"
"USW00012916","NEW ORLEANS AIRPORT, LA US","1986-12","11.8","15.5","8.0"
"USW00012916","NEW ORLEANS AIRPORT, LA US","1987-01","10.0","15.2","4.7"
"USW00012916","NEW ORLEANS AIRPORT, LA US","1987-02","13.5","17.8","9.2"
"USW00012916","NEW ORLEANS AIRPORT, LA US","1987-03","15.7","21.3","10.1"
"USW00012916","NEW ORLEANS AIRPORT, LA US","1987-04","19.0","25.9","12.1"
"USW00012916","NEW ORLEANS AIRPORT, LA US","1987-05","24.9","30.1","19.7"
"USW00012916","NEW ORLEANS AIRPORT, LA US","1987-06","26.6","30.8","22.4"
"USW00012916","NEW ORLEANS AIRPORT, LA US","1987-07","28.3","33.2","23.3"
"USW00012916","NEW ORLEANS AIRPORT, LA US","1987-08","28.6","33.0","24.2"
"USW00012916","NEW ORLEANS AIRPORT, LA US","1987-09","25.7","31.2","20.1"
"USW00012916","NEW ORLEANS AIRPORT, LA US","1987-10","18.0","24.9","11.1"
"USW00012916","NEW ORLEANS AIRPORT, LA US","1987-11","16.4","22.0","10.9"
"USW00012916","NEW ORLEANS AIRPORT, LA US","1987-12","15.0","19.7","10.2"
"USW00012916","NEW ORLEANS AIRPORT, LA US","1988-01","9.6","14.5","4.8"
"USW00012916","NEW ORLEANS AIRPORT, LA US","1988-02","11.8","17.1","6.4"
"USW00012916","NEW ORLEANS AIRPORT, LA US","1988-03","16.1","21.1","11.0"
"USW00012916","NEW ORLEANS AIRPORT, LA US","1988-04","20.2","25.6","14.8"
"USW00012916","NEW ORLEANS AIRPORT, LA US","1988-05","22.9","29.4","16.4"
"USW00012916","NEW ORLEANS AIRPORT, LA US","1988-06","25.8","30.9","20.8"
"USW00012916","NEW ORLEANS AIRPORT, LA US","1988-07","27.6","32.0","23.1"
"USW00012916","NEW ORLEANS AIRPORT, LA US","1988-08","27.4","31.7","23.2"
"USW00012916","NEW ORLEANS AIRPORT, LA US","1988-09","26.5","30.4","22.7"
"USW00012916","NEW ORLEANS AIRPORT, LA US","1988-10","20.0","25.4","14.6"
"USW00012916","NEW ORLEANS AIRPORT, LA US","1988-11","18.7","23.9","13.5"
"USW00012916","NEW ORLEANS AIRPORT, LA US","1988-12","13.3","19.2","7.5"
"USW00012916","NEW ORLEANS AIRPORT, LA US","1989-01","15.7","20.5","10.8"
"USW00012916","NEW ORLEANS AIRPORT, LA US","1989-02","13.3","18.2","8.4"
"USW00012916","NEW ORLEANS AIRPORT, LA US","1989-03","17.1","22.3","11.9"
"USW00012916","NEW ORLEANS AIRPORT, LA US","1989-04","19.4","25.2","13.6"
"USW00012916","NEW ORLEANS AIRPORT, LA US","1989-05","24.7","29.6","19.7"
"USW00012916","NEW ORLEANS AIRPORT, LA US","1989-06","26.3","30.7","22.0"
"USW00012916","NEW ORLEANS AIRPORT, LA US","1989-07","27.4","31.9","22.9"
"USW00012916","NEW ORLEANS AIRPORT, LA US","1989-08","27.6","32.8","22.4"
"USW00012916","NEW ORLEANS AIRPORT, LA US","1989-09","25.0","29.3","20.6"
"USW00012916","NEW ORLEANS AIRPORT, LA US","1989-10","19.7","25.8","13.6"
"USW00012916","NEW ORLEANS AIRPORT, LA US","1989-11","16.8","22.0","11.7"
"USW00012916","NEW ORLEANS AIRPORT, LA US","1989-12","8.3","13.7","2.9"
"USW00012916","NEW ORLEANS AIRPORT, LA US","1990-01","14.0","19.5","8.6"
"USW00012916","NEW ORLEANS AIRPORT, LA US","1990-02","16.3","20.6","11.9"
"USW00012916","NEW ORLEANS AIRPORT, LA US","1990-03","17.4","22.9","11.8"
"USW00012916","NEW ORLEANS AIRPORT, LA US","1990-04","19.8","25.3","14.2"
"USW00012916","NEW ORLEANS AIRPORT, LA US","1990-05","24.5","28.9","20.2"
"USW00012916","NEW ORLEANS AIRPORT, LA US","1990-06","28.1","33.4","22.8"
"USW00012916","NEW ORLEANS AIRPORT, LA US","1990-07","27.9","33.0","22.9"
"USW00012916","NEW ORLEANS AIRPORT, LA US","1990-08","28.4","34.6","22.1"
"USW00012916","NEW ORLEANS AIRPORT, LA US","1990-09","26.4","32.0","20.9"
"USW00012916","NEW ORLEANS AIRPORT, LA US","1990-10","20.1","26.2","13.9"
"USW00012916","NEW ORLEANS AIRPORT, LA US","1990-11","16.8","23.2","10.5"
"USW00012916","NEW ORLEANS AIRPORT, LA US","1990-12","15.0","20.2","9.7"
"USW00012916","NEW ORLEANS AIRPORT, LA US","1991-01","11.5","15.1","8.0"
"USW00012916","NEW ORLEANS AIRPORT, LA US","1991-02","14.5","19.8","9.3"
"USW00012916","NEW ORLEANS AIRPORT, LA US","1991-03","17.9","22.6","13.2"
"USW00012916","NEW ORLEANS AIRPORT, LA US","1991-04","21.8","26.0","17.6"
"USW00012916","NEW ORLEANS AIRPORT, LA US","1991-05","25.3","28.9","21.7"
"USW00012916","NEW ORLEANS AIRPORT, LA US","1991-06","27.4","32.1","22.6"
"USW00012916","NEW ORLEANS AIRPORT, LA US","1991-07","28.6","33.6","23.5"
"USW00012916","NEW ORLEANS AIRPORT, LA US","1991-08","27.6","32.7","22.5"
"USW00012916","NEW ORLEANS AIRPORT, LA US","1991-09","25.6","30.6","20.7"
"USW00012916","NEW ORLEANS AIRPORT, LA US","1991-10","22.0","27.8","16.2"
"USW00012916","NEW ORLEANS AIRPORT, LA US","1991-11","13.3","19.8","6.8"
"USW00012916","NEW ORLEANS AIRPORT, LA US","1991-12","14.2","19.2","9.1"
"USW00012916","NEW ORLEANS AIRPORT, LA US","1992-01","10.6","15.2","5.9"
"USW00012916","NEW ORLEANS AIRPORT, LA US","1992-02","14.6","19.7","9.5"
"USW00012916","NEW ORLEANS AIRPORT, LA US","1992-03","16.6","22.0","11.3"
"USW00012916","NEW ORLEANS AIRPORT, LA US","1992-04","19.1","25.0","13.1"
"USW00012916","NEW ORLEANS AIRPORT, LA US","1992-05","22.7","29.1","16.3"
"USW00012916","NEW ORLEANS AIRPORT, LA US","1992-06","26.9","32.1","21.8"
"USW00012916","NEW ORLEANS AIRPORT, LA US","1992-07","28.4","33.4","23.3"
"USW00012916","NEW ORLEANS AIRPORT, LA US","1992-08","26.4","31.3","21.5"
"USW00012916","NEW ORLEANS AIRPORT, LA US","1992-09","25.8","29.6","22.0"
"USW00012916","NEW ORLEANS AIRPORT, LA US","1992-10","20.8","26.5","15.1"
"USW00012916","NEW ORLEANS AIRPORT, LA US","1992-11","14.1","19.2","9.0"
"USW00012916","NEW ORLEANS AIRPORT, LA US","1992-12","14.5","19.2","9.9"
"USW00012916","NEW ORLEANS AIRPORT, LA US","1993-01","14.0","18.1","9.9"
"USW00012916","NEW ORLEANS AIRPORT, LA US","1993-02","12.6","17.9","7.4"
"USW00012916","NEW ORLEANS AIRPORT, LA US","1993-03","14.9","20.4","9.5"
"USW00012916","NEW ORLEANS AIRPORT, LA US","1993-04","17.8","23.4","12.2"
"USW00012916","NEW ORLEANS AIRPORT, LA US","1993-05","22.2","28.1","16.2"
"USW00012916","NEW ORLEANS AIRPORT, LA US","1993-06","26.9","32.1","21.7"
"USW00012916","NEW ORLEANS AIRPORT, LA US","1993-07","28.5","33.5","23.4"
"USW00012916","NEW ORLEANS AIRPORT, LA US","1993-08","28.6","34.1","23.2"
"USW00012916","NEW ORLEANS AIRPORT, LA US","1993-09","26.5","31.6","21.4"
"USW00012916","NEW ORLEANS AIRPORT, LA US","1993-10","21.0","26.4","15.7"
"USW00012916","NEW ORLEANS AIRPORT, LA US","1993-11","14.4","20.6","8.2"
"USW00012916","NEW ORLEANS AIRPORT, LA US","1993-12","11.2","16.7","5.7"
"USW00012916","NEW ORLEANS AIRPORT, LA US","1994-01","10.0","15.1","4.9"
"USW00012916","NEW ORLEANS AIRPORT, LA US","1994-02","13.8","19.7","7.9"
"USW00012916","NEW ORLEANS AIRPORT, LA US","1994-03","16.0","22.6","9.5"
"USW00012916","NEW ORLEANS AIRPORT, LA US","1994-04","20.9","26.8","14.9"
"USW00012916","NEW ORLEANS AIRPORT, LA US","1994-05","23.9","29.5","18.4"
"USW00012916","NEW ORLEANS AIRPORT, LA US","1994-06","27.4","32.2","22.7"
"USW00012916","NEW ORLEANS AIRPORT, LA US","1994-07","27.1","31.9","22.2"
"USW00012916","NEW ORLEANS AIRPORT, LA US","1994-08","27.4","32.6","22.2"
"USW00012916","NEW ORLEANS AIRPORT, LA US","1994-09","25.4","31.0","19.8"
"USW00012916","NEW ORLEANS AIRPORT, LA US","1994-10","21.6","25.9","17.2"
"USW00012916","NEW ORLEANS AIRPORT, LA US","1994-11","18.5","23.6","13.5"
"USW00012916","NEW ORLEANS AIRPORT, LA US","1994-12","13.6","18.8","8.5"
"USW00012916","NEW ORLEANS AIRPORT, LA US","1995-01","11.7","17.0","6.3"
"USW00012916","NEW ORLEANS AIRPORT, LA US","1995-02","13.5","19.4","7.6"
"USW00012916","NEW ORLEANS AIRPORT, LA US","1995-03","17.2","22.1","12.2"
"USW00012916","NEW ORLEANS AIRPORT, LA US","1995-04","20.4","26.1","14.7"
"USW00012916","NEW ORLEANS AIRPORT, LA US","1995-05","25.3","30.5","20.2"
"USW00012916","NEW ORLEANS AIRPORT, LA US","1995-06","26.3","31.9","20.6"
"USW00012916","NEW ORLEANS AIRPORT, LA US","1995-07","28.8","33.8","23.8"
"USW00012916","NEW ORLEANS AIRPORT, LA US","1995-08","29.2","34.6","23.8"
"USW00012916","NEW ORLEANS AIRPORT, LA US","1995-09","26.4","32.4","20.4"
"USW00012916","NEW ORLEANS AIRPORT, LA US","1995-10","21.8","26.9","16.7"
"USW00012916","NEW ORLEANS AIRPORT, LA US","1995-11","15.4","21.2","9.7"
"USW00012916","NEW ORLEANS AIRPORT, LA US","1995-12","12.9","17.9","7.8"
"USW00012916","NEW ORLEANS AIRPORT, LA US","1996-01","11.6","17.8","5.4"
"USW00012916","NEW ORLEANS AIRPORT, LA US","1996-02","13.3","18.8","7.8"
"USW00012916","NEW ORLEANS AIRPORT, LA US","1996-03","14.6","20.4","8.9"
"USW00012916","NEW ORLEANS AIRPORT, LA US","1996-04","19.5","24.6","14.3"
"USW00012916","NEW ORLEANS AIRPORT, LA US","1996-05","25.6","30.7","20.5"
"USW00012916","NEW ORLEANS AIRPORT, LA US","1996-06","27.0","31.7","22.3"
"USW00012916","NEW ORLEANS AIRPORT, LA US","1996-07","28.2","32.4","24.0"
"USW00012916","NEW ORLEANS AIRPORT, LA US","1996-08","27.3","31.4","23.2"
"USW00012916","NEW ORLEANS AIRPORT, LA US","1996-09","26.1","30.3","22.0"
"USW00012916","NEW ORLEANS AIRPORT, LA US","1996-10","21.3","25.8","16.8"
"USW00012916","NEW ORLEANS AIRPORT, LA US","1996-11","17.3","21.9","12.8"
"USW00012916","NEW ORLEANS AIRPORT, LA US","1996-12","14.0","19.3","8.8"
"USW00012916","NEW ORLEANS AIRPORT, LA US","1997-01","12.1","16.5","7.8"
"USW00012916","NEW ORLEANS AIRPORT, LA US","1997-02","13.9","17.8","10.1"
"USW00012916","NEW ORLEANS AIRPORT, LA US","1997-03","19.1","23.5","14.7"
"USW00012916","NEW ORLEANS AIRPORT, LA US","1997-04","18.6","22.8","14.4"
"USW00012916","NEW ORLEANS AIRPORT, LA US","1997-05","23.6","27.9","19.3"
"USW00012916","NEW ORLEANS AIRPORT, LA US","1997-06","26.4","30.2","22.7"
"USW00012916","NEW ORLEANS AIRPORT, LA US","1997-07","28.5","32.9","24.1"
"USW00012916","NEW ORLEANS AIRPORT, LA US","1997-08","28.6","32.9","24.4"
"USW00012916","NEW ORLEANS AIRPORT, LA US","1997-09","27.3","32.1","22.4"
"USW00012916","NEW ORLEANS AIRPORT, LA US","1997-10","21.8","26.7","16.9"
"USW00012916","NEW ORLEANS AIRPORT, LA US","1997-11","14.8","19.6","10.0"
"USW00012916","NEW ORLEANS AIRPORT, LA US","1997-12","11.5","16.6","6.5"
"USW00012916","NEW ORLEANS AIRPORT, LA US","1998-01","13.4","18.0","8.8"
"USW00012916","NEW ORLEANS AIRPORT, LA US","1998-02","13.3","18.1","8.4"
"USW00012916","NEW ORLEANS AIRPORT, LA US","1998-03","15.4","20.2","10.6"
"USW00012916","NEW ORLEANS AIRPORT, LA US","1998-04","19.7","24.5","14.9"
"USW00012916","NEW ORLEANS AIRPORT, LA US","1998-05","26.0","31.1","20.9"
"USW00012916","NEW ORLEANS AIRPORT, LA US","1998-06","28.7","33.3","24.1"
"USW00012916","NEW ORLEANS AIRPORT, LA US","1998-07","29.6","34.2","25.0"
"USW00012916","NEW ORLEANS AIRPORT, LA US","1998-08","29.2","33.7","24.7"
"USW00012916","NEW ORLEANS AIRPORT, LA US","1998-09","27.3","30.4","24.2"
"USW00012916","NEW ORLEANS AIRPORT, LA US","1998-10","23.0","27.6","18.3"
"USW00012916","NEW ORLEANS AIRPORT, LA US","1998-11","18.5","22.9","14.2"
"USW00012916","NEW ORLEANS AIRPORT, LA US","1998-12","15.1","19.5","10.6"
"USW00012916","NEW ORLEANS AIRPORT, LA US","1999-01","14.2","19.9","8.5"
"USW00012916","NEW ORLEANS AIRPORT, LA US","1999-02","16.2","21.5","10.9"
"USW00012916","NEW ORLEANS AIRPORT, LA US","1999-03","16.4","21.8","11.1"
"USW00012916","NEW ORLEANS AIRPORT, LA US","1999-04","22.9","27.8","17.9"
"USW00012916","NEW ORLEANS AIRPORT, LA US","1999-05","24.8","29.9","19.7"
"USW00012916","NEW ORLEANS AIRPORT, LA US","1999-06","27.4","31.6","23.2"
"USW00012916","NEW ORLEANS AIRPORT, LA US","1999-07","27.9","32.0","23.8"
"USW00012916","NEW ORLEANS AIRPORT, LA US","1999-08","29.7","34.2","25.2"
"USW00012916","NEW ORLEANS AIRPORT, LA US","1999-09","25.6","30.3","21.0"
"USW00012916","NEW ORLEANS AIRPORT, LA US","1999-10","21.5","26.3","16.7"
"USW00012916","NEW ORLEANS AIRPORT, LA US","1999-11","16.7","22.7","10.6"
"USW00012916","NEW ORLEANS AIRPORT, LA US","1999-12","12.9","18.2","7.6"
"USW00012916","NEW ORLEANS AIRPORT, LA US","2000-01","13.5","18.6","8.5"
"USW00012916","NEW ORLEANS AIRPORT, LA US","2000-02","15.9","21.5","10.2"
"USW00012916","NEW ORLEANS AIRPORT, LA US","2000-03","18.9","24.3","13.4"
"USW00012916","NEW ORLEANS AIRPORT, LA US","2000-04","20.5","26.1","14.9"
"USW00012916","NEW ORLEANS AIRPORT, LA US","2000-05","26.7","31.6","21.9"
"USW00012916","NEW ORLEANS AIRPORT, LA US","2000-06","27.6","32.1","23.0"
"USW00012916","NEW ORLEANS AIRPORT, LA US","2000-07","29.2","34.2","24.3"
"USW00012916","NEW ORLEANS AIRPORT, LA US","2000-08","29.1","34.2","24.0"
"USW00012916","NEW ORLEANS AIRPORT, LA US","2000-09","26.3","30.7","21.9"
"USW00012916","NEW ORLEANS AIRPORT, LA US","2000-10","21.0","26.6","15.3"
"USW00012916","NEW ORLEANS AIRPORT, LA US","2000-11","15.5","20.1","10.8"
"USW00012916","NEW ORLEANS AIRPORT, LA US","2000-12","9.8","14.8","4.7"
"USW00012916","NEW ORLEANS AIRPORT, LA US","2001-01","10.1","15.4","4.7"
"USW00012916","NEW ORLEANS AIRPORT, LA US","2001-02","15.7","20.6","10.8"
"USW00012916","NEW ORLEANS AIRPORT, LA US","2001-03","15.2","19.8","10.6"
"USW00012916","NEW ORLEANS AIRPORT, LA US","2001-04","22.3","27.1","17.6"
"USW00012916","NEW ORLEANS AIRPORT, LA US","2001-05","24.5","29.8","19.2"
"USW00012916","NEW ORLEANS AIRPORT, LA US","2001-06","26.8","30.9","22.8"
"USW00012916","NEW ORLEANS AIRPORT, LA US","2001-07","28.3","32.6","24.0"
"USW00012916","NEW ORLEANS AIRPORT, LA US","2001-08","28.0","31.9","24.1"
"USW00012916","NEW ORLEANS AIRPORT, LA US","2001-09","25.8","29.8","21.8"
"USW00012916","NEW ORLEANS AIRPORT, LA US","2001-10","20.2","25.3","15.0"
"USW00012916","NEW ORLEANS AIRPORT, LA US","2001-11","18.3","24.0","12.7"
"USW00012916","NEW ORLEANS AIRPORT, LA US","2001-12","14.2","19.1","9.4"
"USW00012916","NEW ORLEANS AIRPORT, LA US","2002-01","12.6","17.8","7.4"
"USW00012916","NEW ORLEANS AIRPORT, LA US","2002-02","11.0","16.3","5.8"
"USW00012916","NEW ORLEANS AIRPORT, LA US","2002-03","16.7","22.1","11.3"
"USW00012916","NEW ORLEANS AIRPORT, LA US","2002-04","22.5","27.4","17.6"
"USW00012916","NEW ORLEANS AIRPORT, LA US","2002-05","24.8","29.8","19.7"
"USW00012916","NEW ORLEANS AIRPORT, LA US","2002-06","27.1","31.5","22.7"
"USW00012916","NEW ORLEANS AIRPORT, LA US","2002-07","28.5","32.9","24.1"
"USW00012916","NEW ORLEANS AIRPORT, LA US","2002-08","28.2","32.4","23.9"
"USW00012916","NEW ORLEANS AIRPORT, LA US","2002-09","27.1","30.7","23.6"
"USW00012916","NEW ORLEANS AIRPORT, LA US","2002-10","23.4","26.7","20.0"
"USW00012916","NEW ORLEANS AIRPORT, LA US","2002-11","15.5","20.4","10.6"
"USW00012916","NEW ORLEANS AIRPORT, LA US","2002-12","12.3","17.6","7.1"
"USW00012916","NEW ORLEANS AIRPORT, LA US","2003-01","9.5","14.6","4.4"
"USW00012916","NEW ORLEANS AIRPORT, LA US","2003-02","13.0","18.0","8.0"
"USW00012916","NEW ORLEANS AIRPORT, LA US","2003-03","17.0","21.5","12.4"
"USW00012916","NEW ORLEANS AIRPORT, LA US","2003-04","20.9","26.3","15.4"
"USW00012916","NEW ORLEANS AIRPORT, LA US","2003-05","26.5","30.7","22.3"
"USW00012916","NEW ORLEANS AIRPORT, LA US","2003-06","27.3","31.1","23.5"
"USW00012916","NEW ORLEANS AIRPORT, LA US","2003-07","28.1","32.3","23.9"
"USW00012916","NEW ORLEANS AIRPORT, LA US","2003-08","28.9","32.8","24.9"
"USW00012916","NEW ORLEANS AIRPORT, LA US","2003-09","27.0","30.9","23.1"
"USW00012916","NEW ORLEANS AIRPORT, LA US","2003-10","22.4","27.1","17.7"
"USW00012916","NEW ORLEANS AIRPORT, LA US","2003-11","19.0","24.4","13.7"
"USW00012916","NEW ORLEANS AIRPORT, LA US","2003-12","12.0","17.6","6.4"
"USW00012916","NEW ORLEANS AIRPORT, LA US","2004-01","12.1","16.9","7.3"
"USW00012916","NEW ORLEANS AIRPORT, LA US","2004-02","11.7","15.9","7.5"
"USW00012916","NEW ORLEANS AIRPORT, LA US","2004-03","18.5","23.4","13.7"
"USW00012916","NEW ORLEANS AIRPORT, LA US","2004-04","19.8","24.6","15.0"
"USW00012916","NEW ORLEANS AIRPORT, LA US","2004-05","24.2","28.6","19.7"
"USW00012916","NEW ORLEANS AIRPORT, LA US","2004-06","27.2","31.5","23.0"
"USW00012916","NEW ORLEANS AIRPORT, LA US","2004-07","28.1","32.5","23.7"
"USW00012916","NEW ORLEANS AIRPORT, LA US","2004-08","27.6","31.7","23.4"
"USW00012916","NEW ORLEANS AIRPORT, LA US","2004-09","27.1","30.9","23.2"
"USW00012916","NEW ORLEANS AIRPORT, LA US","2004-10","24.8","29.1","20.4"
"USW00012916","NEW ORLEANS AIRPORT, LA US","2004-11","18.5","22.7","14.4"
"USW00012916","NEW ORLEANS AIRPORT, LA US","2004-12","11.3","16.4","6.3"
"USW00012916","NEW ORLEANS AIRPORT, LA US","2005-01","14.4","18.6","10.1"
"USW00012916","NEW ORLEANS AIRPORT, LA US","2005-02","15.2","19.1","11.3"
"USW00012916","NEW ORLEANS AIRPORT, LA US","2005-03","16.0","21.0","11.0"
"USW00012916","NEW ORLEANS AIRPORT, LA US","2005-04","20.0","25.4","14.6"
"USW00012916","NEW ORLEANS AIRPORT, LA US","2005-05","24.2","29.0","19.4"
"USW00012916","NEW ORLEANS AIRPORT, LA US","2005-06","27.8","32.4","23.2"
"USW00012916","NEW ORLEANS AIRPORT, LA US","2005-07","28.7","32.8","24.6"
"USW00012916","NEW ORLEANS AIRPORT, LA US","2005-08","29.3","33.6","25.0"
"USW00012916","NEW ORLEANS AIRPORT, LA US","2005-09","28.4","32.5","24.4"
"USW00012916","NEW ORLEANS AIRPORT, LA US","2005-10","22.1","27.0","17.1"
"USW00012916","NEW ORLEANS AIRPORT, LA US","2005-11","17.8","23.1","12.5"
"USW00012916","NEW ORLEANS AIRPORT, LA US","2005-12","12.2","17.7","6.7"
"USW00012916","NEW ORLEANS AIRPORT, LA US","2006-01","15.2","20.5","9.8"
"USW00012916","NEW ORLEANS AIRPORT, LA US","2006-02","13.7","19.0","8.5"
"USW00012916","NEW ORLEANS AIRPORT, LA US","2006-03","18.8","23.6","14.0"
"USW00012916","NEW ORLEANS AIRPORT, LA US","2006-04","23.0","28.3","17.8"
"USW00012916","NEW ORLEANS AIRPORT, LA US","2006-05","24.9","30.0","19.9"
"USW00012916","NEW ORLEANS AIRPORT, LA US","2006-06","28.8","33.7","23.8"
"USW00012916","NEW ORLEANS AIRPORT, LA US","2006-07","28.4","32.6","24.2"
"USW00012916","NEW ORLEANS AIRPORT, LA US","2006-08","28.6","32.9","24.3"
"USW00012916","NEW ORLEANS AIRPORT, LA US","2006-09","26.2","30.7","21.7"
"USW00012916","NEW ORLEANS AIRPORT, LA US","2006-10","22.0","26.8","17.1"
"USW00012916","NEW ORLEANS AIRPORT, LA US","2006-11","15.5","21.3","9.7"
"USW00012916","NEW ORLEANS AIRPORT, LA US","2006-12","12.8","17.2","8.4"
"USW00012916","NEW ORLEANS AIRPORT, LA US","2007-01","12.0","15.8","8.2"
"USW00012916","NEW ORLEANS AIRPORT, LA US","2007-02","12.1","17.6","6.7"
"USW00012916","NEW ORLEANS AIRPORT, LA US","2007-03","18.3","23.5","13.1"
"USW00012916","NEW ORLEANS AIRPORT, LA US","2007-04","19.7","24.6","14.8"
"USW00012916","NEW ORLEANS AIRPORT, LA US","2007-05","24.2","28.6","19.7"
"USW00012916","NEW ORLEANS AIRPORT, LA US","2007-06","27.4","31.9","22.8"
"USW00012916","NEW ORLEANS AIRPORT, LA US","2007-07","27.8","31.8","23.8"
"USW00012916","NEW ORLEANS AIRPORT, LA US","2007-08","29.5","34.0","25.1"
"USW00012916","NEW ORLEANS AIRPORT, LA US","2007-09","27.6","31.7","23.5"
"USW00012916","NEW ORLEANS AIRPORT, LA US","2007-10","22.3","26.8","17.8"
"USW00012916","NEW ORLEANS AIRPORT, LA US","2007-11","17.1","22.2","12.1"
"USW00012916","NEW ORLEANS AIRPORT, LA US","2007-12","15.7","20.4","11.0"
"USW00012916","NEW ORLEANS AIRPORT, LA US","2008-01","11.7","15.8","7.5"
"USW00012916","NEW ORLEANS AIRPORT, LA US","2008-02","15.1","20.5","9.6"
"USW00012916","NEW ORLEANS AIRPORT, LA US","2008-03","16.9","22.2","11.6"
"USW00012916","NEW ORLEANS AIRPORT, LA US","2008-04","20.6","25.5","15.7"
"USW00012916","NEW ORLEANS AIRPORT, LA US","2008-05","24.8","29.2","20.4"
"USW00012916","NEW ORLEANS AIRPORT, LA US","2008-06","28.1","32.6","23.6"
"USW00012916","NEW ORLEANS AIRPORT, LA US","2008-07","28.8","33.3","24.2"
"USW00012916","NEW ORLEANS AIRPORT, LA US","2008-08","28.1","32.0","24.1"
"USW00012916","NEW ORLEANS AIRPORT, LA US","2008-09","26.1","29.6","22.5"
"USW00012916","NEW ORLEANS AIRPORT, LA US","2008-10","21.2","26.0","16.4"
"USW00012916","NEW ORLEANS AIRPORT, LA US","2008-11","16.1","21.7","10.5"
"USW00012916","NEW ORLEANS AIRPORT, LA US","2008-12","15.1","20.1","10.2"
"USW00012916","NEW ORLEANS AIRPORT, LA US","2009-01","12.9","18.4","7.5"
"USW00012916","NEW ORLEANS AIRPORT, LA US","2009-02","14.8","20.0","9.7"
"USW00012916","NEW ORLEANS AIRPORT, LA US","2009-03","18.5","23.3","13.8"
"USW00012916","NEW ORLEANS AIRPORT, LA US","2009-04","20.5","25.2","15.7"
"USW00012916","NEW ORLEANS AIRPORT, LA US","2009-05","25.7","29.9","21.4"
"USW00012916","NEW ORLEANS AIRPORT, LA US","2009-06","28.5","33.4","23.5"
"USW00012916","NEW ORLEANS AIRPORT, LA US","2009-07","28.9","33.5","24.4"
"USW00012916","NEW ORLEANS AIRPORT, LA US","2009-08","28.2","32.5","23.9"
"USW00012916","NEW ORLEANS AIRPORT, LA US","2009-09","27.2","30.9","23.6"
"USW00012916","NEW ORLEANS AIRPORT, LA US","2009-10","22.1","26.4","17.9"
"USW00012916","NEW ORLEANS AIRPORT, LA US","2009-11","16.1","21.0","11.1"
"USW00012916","NEW ORLEANS AIRPORT, LA US","2009-12","11.9","16.0","7.8"
"USW00012916","NEW ORLEANS AIRPORT, LA US","2010-01","9.1","14.1","4.2"
"USW00012916","NEW ORLEANS AIRPORT, LA US","2010-02","9.1","13.7","4.4"
"USW00012916","NEW ORLEANS AIRPORT, LA US","2010-03","14.4","19.8","9.0"
"USW00012916","NEW ORLEANS AIRPORT, LA US","2010-04","21.2","26.3","16.1"
"USW00012916","NEW ORLEANS AIRPORT, LA US","2010-05","26.6","31.1","22.1"
"USW00012916","NEW ORLEANS AIRPORT, LA US","2010-06","28.9","32.9","24.8"
"USW00012916","NEW ORLEANS AIRPORT, LA US","2010-07","29.3","33.2","25.3"
"USW00012916","NEW ORLEANS AIRPORT, LA US","2010-08","29.4","33.3","25.6"
"USW00012916","NEW ORLEANS AIRPORT, LA US","2010-09","27.8","32.3","23.3"
"USW00012916","NEW ORLEANS AIRPORT, LA US","2010-10","22.3","28.1","16.6"
"USW00012916","NEW ORLEANS AIRPORT, LA US","2010-11","17.4","22.6","12.2"
"USW00012916","NEW ORLEANS AIRPORT, LA US","2010-12","10.9","16.3","5.6"
"USW00012916","NEW ORLEANS AIRPORT, LA US","2011-01","10.6","15.8","5.4"
"USW00012916","NEW ORLEANS AIRPORT, LA US","2011-02","13.7","19.1","8.3"
"USW00012916","NEW ORLEANS AIRPORT, LA US","2011-03","19.3","24.3","14.2"
"USW00012916","NEW ORLEANS AIRPORT, LA US","2011-04","23.3","28.3","18.4"
"USW00012916","NEW ORLEANS AIRPORT, LA US","2011-05","25.3","30.2","20.3"
"USW00012916","NEW ORLEANS AIRPORT, LA US","2011-06","29.5","34.5","24.4"
"USW00012916","NEW ORLEANS AIRPORT, LA US","2011-07","29.0","33.1","24.8"
"USW00012916","NEW ORLEANS AIRPORT, LA US","2011-08","30.7","35.5","25.9"
"USW00012916","NEW ORLEANS AIRPORT, LA US","2011-09","25.8","30.3","21.2"
"USW00012916","NEW ORLEANS AIRPORT, LA US","2011-10","20.8","26.6","15.0"
"USW00012916","NEW ORLEANS AIRPORT, LA US","2011-11","17.8","22.9","12.7"
"USW00012916","NEW ORLEANS AIRPORT, LA US","2011-12","14.3","19.0","9.6"
"USW00012916","NEW ORLEANS AIRPORT, LA US","2012-01","16.0","21.3","10.7"
"USW00012916","NEW ORLEANS AIRPORT, LA US","2012-02","16.1","20.1","12.2"
"USW00012916","NEW ORLEANS AIRPORT, LA US","2012-03","21.5","26.4","16.6"
"USW00012916","NEW ORLEANS AIRPORT, LA US","2012-04","22.7","27.8","17.6"
"USW00012916","NEW ORLEANS AIRPORT, LA US","2012-05","26.3","31.1","21.5"
"USW00012916","NEW ORLEANS AIRPORT, LA US","2012-06","28.1","32.4","23.8"
"USW00012916","NEW ORLEANS AIRPORT, LA US","2012-07","28.4","32.7","24.2"
"USW00012916","NEW ORLEANS AIRPORT, LA US","2012-08","27.9","31.8","24.1"
"USW00012916","NEW ORLEANS AIRPORT, LA US","2012-09","26.9","31.0","22.9"
"USW00012916","NEW ORLEANS AIRPORT, LA US","2012-10","21.2","26.5","15.9"
"USW00012916","NEW ORLEANS AIRPORT, LA US","2012-11","15.8","21.4","10.2"
"USW00012916","NEW ORLEANS AIRPORT, LA US","2012-12","14.9","20.1","9.7"
"USW00012916","NEW ORLEANS AIRPORT, LA US","2013-01","13.7","18.1","9.3"
"USW00012916","NEW ORLEANS AIRPORT, LA US","2013-02","14.3","18.7","9.9"
"USW00012916","NEW ORLEANS AIRPORT, LA US","2013-03","15.1","20.6","9.5"
"USW00012916","NEW ORLEANS AIRPORT, LA US","2013-04","20.1","24.7","15.5"
"USW00012916","NEW ORLEANS AIRPORT, LA US","2013-05","23.1","27.5","18.7"
"USW00012916","NEW ORLEANS AIRPORT, LA US","2013-06","28.2","32.4","24.0"
"USW00012916","NEW ORLEANS AIRPORT, LA US","2013-07","28.0","31.7","24.2"
"USW00012916","NEW ORLEANS AIRPORT, LA US","2013-08","28.2","32.2","24.1"
"USW00012916","NEW ORLEANS AIRPORT, LA US","2013-09","27.6","32.0","23.3"
"USW00012916","NEW ORLEANS AIRPORT, LA US","2013-10","22.8","27.0","18.6"
"USW00012916","NEW ORLEANS AIRPORT, LA US","2013-11","15.4","20.0","10.9"
"USW00012916","NEW ORLEANS AIRPORT, LA US","2013-12","12.9","17.2","8.6"
"USW00012916","NEW ORLEANS AIRPORT, LA US","2014-01","8.4","13.9","2.8"
"USW00012916","NEW ORLEANS AIRPORT, LA US","2014-02","13.4","18.5","8.3"
"USW00012916","NEW ORLEANS AIRPORT, LA US","2014-03","15.2","20.1","10.3"
"USW00012916","NEW ORLEANS AIRPORT, LA US","2014-04","20.4","25.1","15.7"
"USW00012916","NEW ORLEANS AIRPORT, LA US","2014-05","23.9","28.8","19.0"
"USW00012916","NEW ORLEANS AIRPORT, LA US","2014-06","27.5","31.6","23.4"
"USW00012916","NEW ORLEANS AIRPORT, LA US","2014-07","28.0","32.2","23.8"
"USW00012916","NEW ORLEANS AIRPORT, LA US","2014-08","29.1","33.4","24.7"
"USW00012916","NEW ORLEANS AIRPORT, LA US","2014-09","27.5","31.6","23.5"
"USW00012916","NEW ORLEANS AIRPORT, LA US","2014-10","22.6","27.9","17.3"
"USW00012916","NEW ORLEANS AIRPORT, LA US","2014-11","14.4","19.9","9.0"
"USW00012916","NEW ORLEANS AIRPORT, LA US","2014-12","14.9","19.5","10.4"
"USW00012916","NEW ORLEANS AIRPORT, LA US","2015-01","11.1","16.0","6.2"
"USW00012916","NEW ORLEANS AIRPORT, LA US","2015-02","11.3","16.3","6.3"
"USW00012916","NEW ORLEANS AIRPORT, LA US","2015-03","19.1","23.9","14.4"
"USW00012916","NEW ORLEANS AIRPORT, LA US","2015-04","23.1","27.1","19.1"
"USW00012916","NEW ORLEANS AIRPORT, LA US","2015-05","25.7","30.0","21.4"
"USW00012916","NEW ORLEANS AIRPORT, LA US","2015-06","28.0","32.1","23.9"
"USW00012916","NEW ORLEANS AIRPORT, LA US","2015-07","29.8","34.5","25.1"
"USW00012916","NEW ORLEANS AIRPORT, LA US","2015-08","29.4","33.8","25.0"
"USW00012916","NEW ORLEANS AIRPORT, LA US","2015-09","26.9","30.9","23.0"
"USW00012916","NEW ORLEANS AIRPORT, LA US","2015-10","22.9","27.4","18.5"
"USW00012916","NEW ORLEANS AIRPORT, LA US","2015-11","19.4","23.3","15.6"
"USW00012916","NEW ORLEANS AIRPORT, LA US","2015-12","18.1","22.3","13.9"
"USW00012916","NEW ORLEANS AIRPORT, LA US","2016-01","12.2","16.9","7.5"
"USW00012916","NEW ORLEANS AIRPORT, LA US","2016-02","15.0","20.4","9.5"
"USW00012916","NEW ORLEANS AIRPORT, LA US","2016-03","20.1","24.4","15.7"
"USW00012916","NEW ORLEANS AIRPORT, LA US","2016-04","21.9","26.1","17.7"
"USW00012916","NEW ORLEANS AIRPORT, LA US","2016-05","25.3","29.5","21.1"
"USW00012916","NEW ORLEANS AIRPORT, LA US","2016-06","29.0","33.4","24.7"
"USW00012916","NEW ORLEANS AIRPORT, LA US","2016-07","30.4","34.4","26.3"
"USW00012916","NEW ORLEANS AIRPORT, LA US","2016-08","30.0","33.6","26.3"
"USW00012916","NEW ORLEANS AIRPORT, LA US","2016-09","29.5","33.4","25.6"
"USW00012916","NEW ORLEANS AIRPORT, LA US","2016-10","25.4","30.5","20.3"
"USW00012916","NEW ORLEANS AIRPORT, LA US","2016-11","19.1","24.1","14.0"
"USW00012916","NEW ORLEANS AIRPORT, LA US","2016-12","15.3","19.5","11.0"
"USW00012916","NEW ORLEANS AIRPORT, LA US","2017-01","15.6","20.6","10.7"
"USW00012916","NEW ORLEANS AIRPORT, LA US","2017-02","18.0","22.8","13.2"
"USW00012916","NEW ORLEANS AIRPORT, LA US","2017-03","19.6","24.1","15.1"
"USW00012916","NEW ORLEANS AIRPORT, LA US","2017-04","21.8","26.9","16.7"
"USW00012916","NEW ORLEANS AIRPORT, LA US","2017-05","23.3","27.9","18.6"
"USW00012916","NEW ORLEANS AIRPORT, LA US","2017-06","26.7","30.3","23.1"
"USW00012916","NEW ORLEANS AIRPORT, LA US","2017-07","28.5","32.8","24.1"
"USW00012916","NEW ORLEANS AIRPORT, LA US","2017-08","28.4","32.3","24.5"
"USW00012916","NEW ORLEANS AIRPORT, LA US","2017-09","26.7","31.2","22.2"
"USW00012916","NEW ORLEANS AIRPORT, LA US","2017-10","22.7","27.1","18.2"
"USW00012916","NEW ORLEANS AIRPORT, LA US","2017-11","18.3","23.4","13.2"
"USW00012916","NEW ORLEANS AIRPORT, LA US","2017-12","13.1","17.7","8.4"
"USW00012916","NEW ORLEANS AIRPORT, LA US","2018-01","9.3","14.4","4.3"
"USW00012916","NEW ORLEANS AIRPORT, LA US","2018-02","20.0","24.7","15.4"
"USW00012916","NEW ORLEANS AIRPORT, LA US","2018-03","18.5","23.4","13.6"
"USW00012916","NEW ORLEANS AIRPORT, LA US","2018-04","19.4","24.7","14.1"
"USW00012916","NEW ORLEANS AIRPORT, LA US","2018-05","26.6","31.9","21.4"
"USW00012916","NEW ORLEANS AIRPORT, LA US","2018-06","28.8","33.3","24.3"
"USW00012916","NEW ORLEANS AIRPORT, LA US","2018-07","29.4","33.8","25.0"
"USW00012916","NEW ORLEANS AIRPORT, LA US","2018-08","28.8","32.9","24.7"
"USW00012916","NEW ORLEANS AIRPORT, LA US","2018-09","28.5","32.4","24.6"
"USW00012916","NEW ORLEANS AIRPORT, LA US","2018-10","24.8","28.8","20.9"
"USW00012916","NEW ORLEANS AIRPORT, LA US","2018-11","15.8","20.4","11.2"
"USW00012916","NEW ORLEANS AIRPORT, LA US","2018-12","14.7","18.7","10.7"
"USW00012916","NEW ORLEANS AIRPORT, LA US","2019-01","12.5","17.2","7.7"
"USW00012916","NEW ORLEANS AIRPORT, LA US","2019-02","18.4","22.3","14.5"
"USW00012916","NEW ORLEANS AIRPORT, LA US","2019-03","17.3","22.3","12.3"
"USW00012916","NEW ORLEANS AIRPORT, LA US","2019-04","21.1","25.9","16.3"
"USW00012916","NEW ORLEANS AIRPORT, LA US","2019-05","26.4","30.7","22.2"
"USW00012916","NEW ORLEANS AIRPORT, LA US","2019-06","29.0","33.4","24.5"
"USW00012916","NEW ORLEANS AIRPORT, LA US","2019-07","29.0","33.0","25.1"
"USW00012916","NEW ORLEANS AIRPORT, LA US","2019-08","29.7","34.0","25.4"
"USW00012916","NEW ORLEANS AIRPORT, LA US","2019-09","29.6","34.5","24.6"
"USW00012916","NEW ORLEANS AIRPORT, LA US","2019-10","24.1","28.6","19.7"
"USW00012916","NEW ORLEANS AIRPORT, LA US","2019-11","15.9","21.7","10.1"
"USW00012916","NEW ORLEANS AIRPORT, LA US","2019-12","15.3","19.8","10.8"
"USW00012916","NEW ORLEANS AIRPORT, LA US","2020-01","15.5","19.6","11.4"
"USW00012916","NEW ORLEANS AIRPORT, LA US","2020-02","16.1","21.0","11.2"
